employer_id,employer_name,employer_url
10536982,1-ВЕБ,https://hh.ru/employer/10536982
6033003,1С:БухОбслуживание.ТэнчПро,https://hh.ru/employer/6033003
4601298,2Б проект,https://hh.ru/employer/4601298
4090311,4:20 Shop,https://hh.ru/employer/4090311
916364,"585, Золотой",https://hh.ru/employer/916364
22259,"585, Холдинг",https://hh.ru/employer/22259
2068032,7ЦВЕТОВ-Сибирь,https://hh.ru/employer/2068032
3337555,A3F Group,https://hh.ru/employer/3337555
1128386,ADG group,https://hh.ru/employer/1128386
2723603,AERODISK,https://hh.ru/employer/2723603
46926,AFI Development,https://hh.ru/employer/46926
3202749,AG GROUP LLC,https://hh.ru/employer/3202749
128241,AMarkets,https://hh.ru/employer/128241
2081468,ANB Development Group,https://hh.ru/employer/2081468
1947314,ANCOR,https://hh.ru/employer/1947314
4878014,AQUASLIM,https://hh.ru/employer/4878014
725989,AUXO (Атос АйТи Солюшенс энд Сервисез),https://hh.ru/employer/725989
2293904,AWESOME STAFF,https://hh.ru/employer/2293904
56551,AZIMUT Hotels,https://hh.ru/employer/56551
56319,Abi,https://hh.ru/employer/56319
2399268,Accent Capital,https://hh.ru/employer/2399268
11429812,Advert Technology Solutions,https://hh.ru/employer/11429812
11845488,Akvilon,https://hh.ru/employer/11845488
703862,Alawar,https://hh.ru/employer/703862
2592107,AliExpress,https://hh.ru/employer/2592107
5110937,Alvasar OU,https://hh.ru/employer/5110937
4451347,Api Media,https://hh.ru/employer/4451347
9457433,ArtWorkout,https://hh.ru/employer/9457433
71518,Artsofte,https://hh.ru/employer/71518
3865808,Asfera HR Solutions,https://hh.ru/employer/3865808
6093775,Aston,https://hh.ru/employer/6093775
4643258,Atomic Protocol Systems OU,https://hh.ru/employer/4643258
10586807,Avalon-IT,https://hh.ru/employer/10586807
89537,Avanta Россия,https://hh.ru/employer/89537
588914,Aviasales.ru,https://hh.ru/employer/588914
4499752,Axiom JDK,https://hh.ru/employer/4499752
104653,"BABOCHKA, сеть бутиков",https://hh.ru/employer/104653
1452716,BIV,https://hh.ru/employer/1452716
3740808,Betting Software,https://hh.ru/employer/3740808
9757867,Beyosa (ИП Иванов Вячеслав Александрович),https://hh.ru/employer/9757867
2117386,Black&Yellow,https://hh.ru/employer/2117386
12130643,Blue Collar Scholars,https://hh.ru/employer/12130643
10866250,Blue Swan PC,https://hh.ru/employer/10866250
5983544,Brand of the Future,https://hh.ru/employer/5983544
3003888,Buildateam,https://hh.ru/employer/3003888
5208,Burevestnik Group,https://hh.ru/employer/5208
40727,C21,https://hh.ru/employer/40727
589513,COZY HOME,https://hh.ru/employer/589513
2825,Capital Group,https://hh.ru/employer/2825
176444,Charuel,https://hh.ru/employer/176444
9016039,ChatPlace,https://hh.ru/employer/9016039
10067616,Coffee Art,https://hh.ru/employer/10067616
3010368,Coffee Station,https://hh.ru/employer/3010368
144145,Concept Group,https://hh.ru/employer/144145
1307995,Coral Club,https://hh.ru/employer/1307995
39529,Corinthia Hotel St.Petersburg (Отель «Коринтия Санкт-Петербург»),https://hh.ru/employer/39529
16277,DIY Tools,https://hh.ru/employer/16277
3700169,Dental Way,https://hh.ru/employer/3700169
154,Diasoft,https://hh.ru/employer/154
5510144,ECORN Agency,https://hh.ru/employer/5510144
1977773,EDBOX.ES,https://hh.ru/employer/1977773
6876,ELMAT Group,https://hh.ru/employer/6876
9171599,ESTADEL,https://hh.ru/employer/9171599
5034722,EYES OF WONDER SOFTWARE LLC,https://hh.ru/employer/5034722
5100342,Eltex Elektrostatik GmbH,https://hh.ru/employer/5100342
5846248,Employcity,https://hh.ru/employer/5846248
4767715,Energy Team (ООО ЭНЕРДЖИ ТИМ),https://hh.ru/employer/4767715
3785152,Eqvanta,https://hh.ru/employer/3785152
1204987,EvaTeam,https://hh.ru/employer/1204987
3509758,Evercode Lab,https://hh.ru/employer/3509758
4975947,Excdev,https://hh.ru/employer/4975947
9245166,FELFRI,https://hh.ru/employer/9245166
2776152,FINIST финансы и страхование,https://hh.ru/employer/2776152
3151065,FIRST DATA LLC,https://hh.ru/employer/3151065
613560,FRESH AUTO,https://hh.ru/employer/613560
4606,Familia,https://hh.ru/employer/4606
1124,Fersol,https://hh.ru/employer/1124
4405030,FinGrade,https://hh.ru/employer/4405030
9674611,FunFlow (ООО Мобильные Игровые Решения),https://hh.ru/employer/9674611
5623757,GEN-GROUP,https://hh.ru/employer/5623757
626,GS Group,https://hh.ru/employer/626
3596422,Game Forest,https://hh.ru/employer/3596422
9917767,Genesis Group AG,https://hh.ru/employer/9917767
12190632,Gepting Sales Group,https://hh.ru/employer/12190632
2497484,Glassford Global,https://hh.ru/employer/2497484
10695972,Glebova Global,https://hh.ru/employer/10695972
10670278,Go Offer,https://hh.ru/employer/10670278
63198,Gridnine,https://hh.ru/employer/63198
15589,HFLabs,https://hh.ru/employer/15589
9451419,HI-TECH.TOOLS,https://hh.ru/employer/9451419
6072068,HR Diamond,https://hh.ru/employer/6072068
4453009,HR Expert,https://hh.ru/employer/4453009
5141714,HR ME,https://hh.ru/employer/5141714
1455,HeadHunter,https://hh.ru/employer/1455
9198771,Headliner,https://hh.ru/employer/9198771
11198919,Heroes of Support,https://hh.ru/employer/11198919
9152133,Hoff Tech,https://hh.ru/employer/9152133
3612777,IBMM,https://hh.ru/employer/3612777
10647164,ICL Soft,https://hh.ru/employer/10647164
10351,IKON TYRES,https://hh.ru/employer/10351
9655648,IQ Denta,https://hh.ru/employer/9655648
3887016,IQ English,https://hh.ru/employer/3887016
3740921,IT Target,https://hh.ru/employer/3740921
5591530,IT-hunters,https://hh.ru/employer/5591530
60377,ITECO,https://hh.ru/employer/60377
101407,ITSOFT,https://hh.ru/employer/101407
1307318,InSmile,https://hh.ru/employer/1307318
2242391,IndigoSoft,https://hh.ru/employer/2242391
4069546,Instories,https://hh.ru/employer/4069546
1915027,Intella,https://hh.ru/employer/1915027
2851802,JSA Group,https://hh.ru/employer/2851802
11323004,JT marketing,https://hh.ru/employer/11323004
3630887,JetRuby Agency,https://hh.ru/employer/3630887
11133,Jetcom,https://hh.ru/employer/11133
2768,Johnson & Johnson,https://hh.ru/employer/2768
791408,KENGO,https://hh.ru/employer/791408
2016281,Kaiten,https://hh.ru/employer/2016281
14072,Kalinka - Realty,https://hh.ru/employer/14072
4609253,Karuna,https://hh.ru/employer/4609253
4235571,Keepgo,https://hh.ru/employer/4235571
10255391,Khalimon Legal,https://hh.ru/employer/10255391
4488077,LIFE PAY,https://hh.ru/employer/4488077
1129958,LR Health & Beauty,https://hh.ru/employer/1129958
11583053,Lamipak,https://hh.ru/employer/11583053
5402004,Lenkep recruitment,https://hh.ru/employer/5402004
3619638,Lev Haolam Judea and Samaria LTD,https://hh.ru/employer/3619638
9299,Libra Hospitality,https://hh.ru/employer/9299
4471349,LuckyGroup,https://hh.ru/employer/4471349
3520239,M1,https://hh.ru/employer/3520239
536301,MARSHALL,https://hh.ru/employer/536301
10409,MC-Bauchemie,https://hh.ru/employer/10409
622121,MCORE,https://hh.ru/employer/622121
53395,MEGA-STROY,https://hh.ru/employer/53395
816,MERLION,https://hh.ru/employer/816
673,METRO Россия,https://hh.ru/employer/673
62241,MILANA Shoes & Accessories,https://hh.ru/employer/62241
4426410,MIRAPHONE,https://hh.ru/employer/4426410
11947707,Mals Sales,https://hh.ru/employer/11947707
12455076,Mecca Nour,https://hh.ru/employer/12455076
11705733,Mercury Development,https://hh.ru/employer/11705733
205152,Mindbox,https://hh.ru/employer/205152
2848751,NEXT Contact,https://hh.ru/employer/2848751
4517787,Nagollo,https://hh.ru/employer/4517787
9127303,Natura,https://hh.ru/employer/9127303
3918,Navigator Group,https://hh.ru/employer/3918
5588464,NewGen Vision,https://hh.ru/employer/5588464
6004,Nexign (АО Нэксайн),https://hh.ru/employer/6004
9193841,Nextremum,https://hh.ru/employer/9193841
181500,Nordcore (ex. Swift Technical),https://hh.ru/employer/181500
3278233,Novobort,https://hh.ru/employer/3278233
2221767,Novofon,https://hh.ru/employer/2221767
1060076,O1 Properties,https://hh.ru/employer/1060076
76396,OFT Group,https://hh.ru/employer/76396
6067914,ONLINETOUCH,https://hh.ru/employer/6067914
674883,OQ,https://hh.ru/employer/674883
85615,OSTIN,https://hh.ru/employer/85615
9727311,Octobergroup,https://hh.ru/employer/9727311
6528,Okkam,https://hh.ru/employer/6528
7449,Oniverse,https://hh.ru/employer/7449
11439853,Outreach Today,https://hh.ru/employer/11439853
2180,Ozon,https://hh.ru/employer/2180
1502941,PATRIOT,https://hh.ru/employer/1502941
2033312,PBF group,https://hh.ru/employer/2033312
11169361,PS. TRY. BUY.,https://hh.ru/employer/11169361
8945513,PUSK,https://hh.ru/employer/8945513
3132,Paragon Software,https://hh.ru/employer/3132
581458,PepsiCo,https://hh.ru/employer/581458
4951002,Petsee,https://hh.ru/employer/4951002
4583695,Photo Zoom (ИП Гуляев Вячеслав Константинович),https://hh.ru/employer/4583695
11692130,PhotoTime,https://hh.ru/employer/11692130
9441719,Primo RPA,https://hh.ru/employer/9441719
5333075,Prooftech IT,https://hh.ru/employer/5333075
12439796,Property Developer,https://hh.ru/employer/12439796
32761,Proxima,https://hh.ru/employer/32761
1651715,Quick Resto,https://hh.ru/employer/1651715
809317,R4S,https://hh.ru/employer/809317
3808162,RAKETA,https://hh.ru/employer/3808162
3358722,RDV (ООО РДВ Автоматизация),https://hh.ru/employer/3358722
245592,ROSSKO,https://hh.ru/employer/245592
1440683,RUTUBE,https://hh.ru/employer/1440683
3120715,Reffection,https://hh.ru/employer/3120715
7465,Rendez-Vous,https://hh.ru/employer/7465
3904792,Respace prime Wellness & SPA,https://hh.ru/employer/3904792
1420859,Retail Personal,https://hh.ru/employer/1420859
671766,Revyline,https://hh.ru/employer/671766
11651275,Rizz.Market,https://hh.ru/employer/11651275
2063837,Robusta,https://hh.ru/employer/2063837
709383,Rubius,https://hh.ru/employer/709383
2899335,S2B Group,https://hh.ru/employer/2899335
3765139,SELFMADE,https://hh.ru/employer/3765139
1208766,SMS Aero,https://hh.ru/employer/1208766
1038532,SOKOLOV,https://hh.ru/employer/1038532
10574557,STARTRIBE LTD,https://hh.ru/employer/10574557
10602995,STEKK,https://hh.ru/employer/10602995
109654,STONE,https://hh.ru/employer/109654
2633976,SWTecNN,https://hh.ru/employer/2633976
3983,Safmar Hotels,https://hh.ru/employer/3983
10000774,Selsup,https://hh.ru/employer/10000774
11395678,Service-Pro,https://hh.ru/employer/11395678
19623,Simple,https://hh.ru/employer/19623
4155231,Skillzania,https://hh.ru/employer/4155231
373146,SkyNet,https://hh.ru/employer/373146
59450,Smart Group,https://hh.ru/employer/59450
4617248,Smart Service,https://hh.ru/employer/4617248
654435,Spice IT,https://hh.ru/employer/654435
5384033,Staffberry,https://hh.ru/employer/5384033
4645480,Stat4Market,https://hh.ru/employer/4645480
580609,Stream Telecom,https://hh.ru/employer/580609
10042,Sumitec International,https://hh.ru/employer/10042
9661193,Synergy of Lake Technology,https://hh.ru/employer/9661193
4315828,Syngenta,https://hh.ru/employer/4315828
4219,T2,https://hh.ru/employer/4219
193205,TDM ELECTRIC,https://hh.ru/employer/193205
9854162,TERMOLAND,https://hh.ru/employer/9854162
5167691,Teamline Consult,https://hh.ru/employer/5167691
4804,Teleperformance Russia,https://hh.ru/employer/4804
555901,Tibbo Systems,https://hh.ru/employer/555901
9966858,Tiger Technologies,https://hh.ru/employer/9966858
4976119,Trip.com Group,https://hh.ru/employer/4976119
53866,True Engineering,https://hh.ru/employer/53866
8327,TrueConf,https://hh.ru/employer/8327
10371334,Tungsten Montenegro DOO Podgorica,https://hh.ru/employer/10371334
9058117,Umaclass,https://hh.ru/employer/9058117
2009203,VIVA Group,https://hh.ru/employer/2009203
15478,VK,https://hh.ru/employer/15478
798923,VOXYS,https://hh.ru/employer/798923
3257770,Vagimagia,https://hh.ru/employer/3257770
2624,Velikan,https://hh.ru/employer/2624
1838,Ventra,https://hh.ru/employer/1838
1533486,VillaCarte Group,https://hh.ru/employer/1533486
11075535,Visatier Ltd,https://hh.ru/employer/11075535
87021,WILDBERRIES,https://hh.ru/employer/87021
2653568,Well fitness (ООО Оптима Импорт),https://hh.ru/employer/2653568
2351276,Whitecliff Investment Management,https://hh.ru/employer/2351276
2325,World Class,https://hh.ru/employer/2325
9352463,X5 Tech,https://hh.ru/employer/9352463
1993194,YADRO,https://hh.ru/employer/1993194
793926,YCLIENTS LLC,https://hh.ru/employer/793926
10100339,You+Baby Studio,https://hh.ru/employer/10100339
45124,Zecurion,https://hh.ru/employer/45124
9833938,Zentist,https://hh.ru/employer/9833938
1502180,"Zoomlion Heavy Industry Science&Technology Co., Ltd.",https://hh.ru/employer/1502180
999442,amoCRM,https://hh.ru/employer/999442
8643040,efin,https://hh.ru/employer/8643040
2771973,ibis Иркутск Центр,https://hh.ru/employer/2771973
1628506,informUnity,https://hh.ru/employer/1628506
2179870,it`s my!bike,https://hh.ru/employer/2179870
9751160,rodinka.recruitment (ИП Звездин Егор Романович),https://hh.ru/employer/9751160
10123341,updatework,https://hh.ru/employer/10123341
9420551,visage.concept,https://hh.ru/employer/9420551
9647,«ВентПоставка»,https://hh.ru/employer/9647
1320790,АБК,https://hh.ru/employer/1320790
1166531,АБН,https://hh.ru/employer/1166531
8893,"АБСОЛЮТ, Группа",https://hh.ru/employer/8893
5779602,АВИТО ТЕХ,https://hh.ru/employer/5779602
212951,АВП РУС,https://hh.ru/employer/212951
569,"АВТОМИР, ГК",https://hh.ru/employer/569
10581439,АВТОСИТИ,https://hh.ru/employer/10581439
208189,АКРОН ХОЛДИНГ,https://hh.ru/employer/208189
57303,АКРОНД,https://hh.ru/employer/57303
9489215,АКТИВ ГРУПП,https://hh.ru/employer/9489215
59351,АМИКОН,https://hh.ru/employer/59351
11059812,АМС Тимс,https://hh.ru/employer/11059812
12425511,АНД Групп,https://hh.ru/employer/12425511
3126525,АНОО Областная гимназия им. Примакова,https://hh.ru/employer/3126525
3686105,АНТ-Цифровые Сервисы,https://hh.ru/employer/3686105
4394,АО «ОТП Банк» (JSC «OTP Bank»),https://hh.ru/employer/4394
1283125,АО Кубаньторгбанк,https://hh.ru/employer/1283125
4946765,АПМИ,https://hh.ru/employer/4946765
3344320,АПТЕКИ ВАША № 1,https://hh.ru/employer/3344320
470,АРТИ,https://hh.ru/employer/470
41144,АСКОН,https://hh.ru/employer/41144
11538765,АСТ Капитал,https://hh.ru/employer/11538765
33715,АСУ XXI век,https://hh.ru/employer/33715
2421048,АТ-707,https://hh.ru/employer/2421048
3343,"АТОЛ, группа компаний",https://hh.ru/employer/3343
46387,АТОН,https://hh.ru/employer/46387
718392,"Абрау-Дюрсо, Русский Винный Дом",https://hh.ru/employer/718392
12425857,Аверон,https://hh.ru/employer/12425857
740012,Авто Финанс Банк,https://hh.ru/employer/740012
3075114,Автодор-Платные Дороги,https://hh.ru/employer/3075114
2487548,Автоматизация Бизнеса,https://hh.ru/employer/2487548
5432854,Автономная некоммерческая организация Центр Содействия Развитию Предпринимательства Новосибирской Области,https://hh.ru/employer/5432854
3727521,АгроМедиаХолдинг Светич,https://hh.ru/employer/3727521
11920984,Агрокомплекс Лабинский,https://hh.ru/employer/11920984
2510056,Агросила,https://hh.ru/employer/2510056
902760,Агрофирма АРИАНТ,https://hh.ru/employer/902760
4818299,Адверт Лабс,https://hh.ru/employer/4818299
4597535,Администрация Центрального административного округа города Омска,https://hh.ru/employer/4597535
2120,Азбука вкуса,https://hh.ru/employer/2120
176941,Азиатско-Тихоокеанский Банк,https://hh.ru/employer/176941
608016,АйДи – Технологии управления,https://hh.ru/employer/608016
2705050,АйТи БАСТИОН,https://hh.ru/employer/2705050
3719391,АйТиИ Экспо Интернешнл,https://hh.ru/employer/3719391
11391144,Айти Базис,https://hh.ru/employer/11391144
10228223,Айтиконтакт,https://hh.ru/employer/10228223
2063681,Айтуби,https://hh.ru/employer/2063681
9512543,Айфарм,https://hh.ru/employer/9512543
47939,Ак Барс Банк,https://hh.ru/employer/47939
1572439,Академия МСМ,https://hh.ru/employer/1572439
4360867,Академия Финансовых Инвестиций,https://hh.ru/employer/4360867
2348571,Академия Форвард,https://hh.ru/employer/2348571
12419985,Акваполис филиал в г. Екатеринбург,https://hh.ru/employer/12419985
11036,"Аквариус, Группа компаний",https://hh.ru/employer/11036
4736260,Акватикс-Про,https://hh.ru/employer/4736260
2861189,АксесГидро,https://hh.ru/employer/2861189
88127,Акционерное общество Профессиональная Коллекторская организация Финансовое Агентство по Сбору Платежей,https://hh.ru/employer/88127
5041798,Алгоритм 24,https://hh.ru/employer/5041798
1769199,Алкон Фармацевтика,https://hh.ru/employer/1769199
11466356,Альбакор ИИР,https://hh.ru/employer/11466356
80,Альфа-Банк,https://hh.ru/employer/80
9593691,Аметист,https://hh.ru/employer/9593691
5231417,Анатомия улыбки,https://hh.ru/employer/5231417
12034473,Анкор Сервис,https://hh.ru/employer/12034473
6066177,Апгрейд-Сервис,https://hh.ru/employer/6066177
2625494,Апекс-ССТ,https://hh.ru/employer/2625494
680537,Аптечная сеть ЗДОРОВ.ру,https://hh.ru/employer/680537
990297,"Армада, группа компаний",https://hh.ru/employer/990297
3275514,АртВитраж24,https://hh.ru/employer/3275514
1031898,Артель старателей Дражник,https://hh.ru/employer/1031898
10829743,Аскхау,https://hh.ru/employer/10829743
2471546,Аспирити,https://hh.ru/employer/2471546
810319,Аспро,https://hh.ru/employer/810319
3400,АстраЗенека,https://hh.ru/employer/3400
3893902,Атента,https://hh.ru/employer/3893902
5427566,Атлантик,https://hh.ru/employer/5427566
1676325,Аудит Инфо,https://hh.ru/employer/1676325
214660,Аэродинамика,https://hh.ru/employer/214660
11207019,Аякс,https://hh.ru/employer/11207019
3323,ББР Банк,https://hh.ru/employer/3323
4519872,БИОСОФТ-ПМО,https://hh.ru/employer/4519872
1818017,БРУСНИЦЫН,https://hh.ru/employer/1818017
2378475,БУЛАТ,https://hh.ru/employer/2378475
1658415,БЫСТРЫЙ ЗАЁМ,https://hh.ru/employer/1658415
3245616,Бакаев Иван Владимирович,https://hh.ru/employer/3245616
590367,Балтийский Текстиль,https://hh.ru/employer/590367
4181,Банк ВТБ (ПАО),https://hh.ru/employer/4181
3443,Банк ДОМ.РФ,https://hh.ru/employer/3443
6591,Банк ПСБ,https://hh.ru/employer/6591
912251,Банк Прио-Внешторгбанк,https://hh.ru/employer/912251
33305,Банк Синара,https://hh.ru/employer/33305
4443266,Барлайн,https://hh.ru/employer/4443266
134656,Барри Каллебаут НЛ Раша,https://hh.ru/employer/134656
1106084,Батик,https://hh.ru/employer/1106084
1560317,БашДекор,https://hh.ru/employer/1560317
1604297,Башнефть-Розница,https://hh.ru/employer/1604297
1791490,Белтранслогистик,https://hh.ru/employer/1791490
685652,Бенеком,https://hh.ru/employer/685652
9911276,Би Ай Системс,https://hh.ru/employer/9911276
2573503,Би Джи,https://hh.ru/employer/2573503
1780578,Билдэкс,https://hh.ru/employer/1780578
5435527,Биосфера,https://hh.ru/employer/5435527
129044,Битрикс24,https://hh.ru/employer/129044
877494,БоноДоно,https://hh.ru/employer/877494
4381172,Бочаров Евгений Геннадьевич,https://hh.ru/employer/4381172
850123,"Бренд одежды, обуви и аксессуаров LIMÉ",https://hh.ru/employer/850123
1513535,Бринго,https://hh.ru/employer/1513535
3864536,Брискли,https://hh.ru/employer/3864536
2060114,Брисмани,https://hh.ru/employer/2060114
1189320,"Бристоль, сеть магазинов",https://hh.ru/employer/1189320
4019652,Бронируй Онлайн,https://hh.ru/employer/4019652
1066018,Брусника,https://hh.ru/employer/1066018
776314,Бьюти-ретейлер Золотое Яблоко,https://hh.ru/employer/776314
2575,Бэнкс Софт Системс,https://hh.ru/employer/2575
1030733,"ВЕРНЫЙ, Сеть магазинов",https://hh.ru/employer/1030733
1218181,ВНЕШФИНБАНК,https://hh.ru/employer/1218181
18796,ВОДОВОЗ.RU,https://hh.ru/employer/18796
93008,ВЭБ.РФ,https://hh.ru/employer/93008
847813,Важная персона-Авто,https://hh.ru/employer/847813
5877717,Вайтлист,https://hh.ru/employer/5877717
4118909,Ван Груп Компани,https://hh.ru/employer/4118909
12433586,Варезе,https://hh.ru/employer/12433586
1966769,Ватерком,https://hh.ru/employer/1966769
2721405,Вебер,https://hh.ru/employer/2721405
1307110,Вектор,https://hh.ru/employer/1307110
9048659,Векторфарм,https://hh.ru/employer/9048659
681883,Велесстрой,https://hh.ru/employer/681883
3629847,Верме,https://hh.ru/employer/3629847
9176985,Ви Ар Юниверс,https://hh.ru/employer/9176985
3088229,Виво Рус (VIVO RUS LLC),https://hh.ru/employer/3088229
965246,Видис Групп,https://hh.ru/employer/965246
9533698,Виленум,https://hh.ru/employer/9533698
1197,Виноторговая компания Форт,https://hh.ru/employer/1197
11193390,Винтер,https://hh.ru/employer/11193390
31110,Випсервис,https://hh.ru/employer/31110
816144,ВкусВилл,https://hh.ru/employer/816144
5488355,ВоенТекстильПром,https://hh.ru/employer/5488355
5266700,Военно-медицинская академия им. С. М. Кирова,https://hh.ru/employer/5266700
9528493,Время Нанимать,https://hh.ru/employer/9528493
208707,ВсеИнструменты.ру,https://hh.ru/employer/208707
11720534,ГАПОУ СО ЕТОТС,https://hh.ru/employer/11720534
2775811,ГБ №41 - семейная медицина,https://hh.ru/employer/2775811
3294909,ГБОУ Школа № 655 Приморского района Санкт-Петербурга,https://hh.ru/employer/3294909
11653686,"ГБР, филиал г. Санкт-Петербург",https://hh.ru/employer/11653686
3082762,ГБУ Московское долголетие,https://hh.ru/employer/3082762
2707094,ГБУ РМЭ Поликлиника №1 г. Йошкар-Олы,https://hh.ru/employer/2707094
817892,ГБУ Самарской области Цифровой регион,https://hh.ru/employer/817892
1827619,ГБУЗ МО Видновская клиническая больница,https://hh.ru/employer/1827619
2990490,ГБУЗ Областной кожно-венерологический диспансер №3,https://hh.ru/employer/2990490
3059571,ГБУЗ Центр паллиативной помощи ДЗМ,https://hh.ru/employer/3059571
838415,ГК АВТОРУСЬ,https://hh.ru/employer/838415
1629307,ГК АйТи Бригада,https://hh.ru/employer/1629307
1476918,ГК Альянс,https://hh.ru/employer/1476918
928263,ГК Системы и Технологии,https://hh.ru/employer/928263
3583164,ГК Хлебник,https://hh.ru/employer/3583164
12502462,ГК-С,https://hh.ru/employer/12502462
211668,ГЛОНАССсофт,https://hh.ru/employer/211668
3569117,ГОЛДЕНГУС,https://hh.ru/employer/3569117
2155808,ГПМ Партнер,https://hh.ru/employer/2155808
10760320,ГСП ЦЕНТР,https://hh.ru/employer/10760320
604818,ГУРМЭ СТАЙЛ,https://hh.ru/employer/604818
126735,Газпром межрегионгаз,https://hh.ru/employer/126735
39305,Газпром нефть,https://hh.ru/employer/39305
5739,Газпром телеком,https://hh.ru/employer/5739
3388,Газпромбанк,https://hh.ru/employer/3388
193722,"Гейзер, группа компаний",https://hh.ru/employer/193722
4159691,ГенАйТи,https://hh.ru/employer/4159691
10674045,Генау,https://hh.ru/employer/10674045
2811731,ГеоТах,https://hh.ru/employer/2811731
11184406,Геращенко Ксения Сергеевна,https://hh.ru/employer/11184406
4843742,Гирудомед,https://hh.ru/employer/4843742
18384,"Глобус, Сеть гипермаркетов",https://hh.ru/employer/18384
3913951,Горный инструмент,https://hh.ru/employer/3913951
648042,Гравител,https://hh.ru/employer/648042
5705070,Граськова Ирина Валерьевна,https://hh.ru/employer/5705070
1276490,Группа Компаний Астрал,https://hh.ru/employer/1276490
6068897,Группа Компаний ФЕНИКС,https://hh.ru/employer/6068897
113718,Группа Лоджик Старс,https://hh.ru/employer/113718
2138902,Группа Официальных Дилеров Сильвер,https://hh.ru/employer/2138902
200508,Группа Финансы,https://hh.ru/employer/200508
1485682,Группа компаний HAYAT,https://hh.ru/employer/1485682
1806909,Группа компаний Kravt hotels & homes,https://hh.ru/employer/1806909
3536233,Группа компаний SHISHKIN,https://hh.ru/employer/3536233
1143452,Группа компаний ЕКС,https://hh.ru/employer/1143452
4598393,Группа компаний НВМ,https://hh.ru/employer/4598393
886923,Группа компаний СКС,https://hh.ru/employer/886923
224317,Группа компаний ЭРКАФАРМ,https://hh.ru/employer/224317
1384489,Гуру сервис,https://hh.ru/employer/1384489
4280370,Гэлакси,https://hh.ru/employer/4280370
11940780,Гюзель Шейлер,https://hh.ru/employer/11940780
9887020,ДАКОМ М,https://hh.ru/employer/9887020
651612,ДАЛКОС,https://hh.ru/employer/651612
1689259,ДЖЕЙКЕТ РАБОТА,https://hh.ru/employer/1689259
40493,ДОБРОЦЕН,https://hh.ru/employer/40493
1340780,ДОСТАЕВСКИЙ,https://hh.ru/employer/1340780
12393558,Девяткова Екатерина Андреевна,https://hh.ru/employer/12393558
29413,Деловые Линии,https://hh.ru/employer/29413
2114,Деловые Решения и Технологии (ДРТ),https://hh.ru/employer/2114
1010480,Денвик,https://hh.ru/employer/1010480
10223480,Дениз Ричардс,https://hh.ru/employer/10223480
1068856,Департамент персонала,https://hh.ru/employer/1068856
8888090,Дети на паркете,https://hh.ru/employer/8888090
4880,Детский мир,https://hh.ru/employer/4880
2406,ДжамильКо,https://hh.ru/employer/2406
1877031,Ди Эс Эй,https://hh.ru/employer/1877031
10220936,Диалфи,https://hh.ru/employer/10220936
12008136,Диана Федорова,https://hh.ru/employer/12008136
187446,Диета-18,https://hh.ru/employer/187446
4914081,Диплей,https://hh.ru/employer/4914081
1012479,Дирекция театрально-зрелищных касс,https://hh.ru/employer/1012479
2769379,Доксинбокс,https://hh.ru/employer/2769379
11335496,Донецкое Кабельное Телевидение,https://hh.ru/employer/11335496
8936150,ДэвТим-Групп,https://hh.ru/employer/8936150
9550692,ЕДОСТАВКА,https://hh.ru/employer/9550692
1678242,Евразийская Алкогольная Группа,https://hh.ru/employer/1678242
11681638,Евразия,https://hh.ru/employer/11681638
567851,Евро Сервис,https://hh.ru/employer/567851
11672943,Единая Сервисная Платформа,https://hh.ru/employer/11672943
10280369,Ерошко Владимир Владиславович,https://hh.ru/employer/10280369
11409466,Ещанов,https://hh.ru/employer/11409466
1262661,ЖБИ ИнвестСтрой,https://hh.ru/employer/1262661
11559551,Жалюзинск,https://hh.ru/employer/11559551
1385131,Живем Дома,https://hh.ru/employer/1385131
48162,"Живика, аптечная сеть",https://hh.ru/employer/48162
1184269,ЗАВОД ГОРЭЛТЕХ,https://hh.ru/employer/1184269
10928801,За Результат,https://hh.ru/employer/10928801
1892500,Западно-Сибирское агентство воздушных сообщений,https://hh.ru/employer/1892500
670607,"Здравсервис (Здесь Аптека, Твой Доктор)",https://hh.ru/employer/670607
9634295,Зевс-Строй,https://hh.ru/employer/9634295
897219,"Зеленый сад, СПК",https://hh.ru/employer/897219
3353787,"ЗооМедик, Ветеринарная клиника",https://hh.ru/employer/3353787
10036909,Зуев Виталий Михайлович,https://hh.ru/employer/10036909
9378655,Зыкова Ольга Владимировна,https://hh.ru/employer/9378655
761892,ИНВЕНТ,https://hh.ru/employer/761892
694186,"ИНКОМСИСТЕМ, НИЦ",https://hh.ru/employer/694186
3415,ИНФОРМЗАЩИТА,https://hh.ru/employer/3415
1861323,ИР-ТЕЛЕКОМ,https://hh.ru/employer/1861323
96379,ИРВИН 2,https://hh.ru/employer/96379
112143,ИСРАТЭК,https://hh.ru/employer/112143
10051541,ИТ-Элемент29,https://hh.ru/employer/10051541
4319364,ИТКО,https://hh.ru/employer/4319364
205135,ИТЛ Консалтинг,https://hh.ru/employer/205135
4668402,ИТЦ Кристалл,https://hh.ru/employer/4668402
9309790,Иварт Авто,https://hh.ru/employer/9309790
10405775,Иващенко Анатолий Андреевич,https://hh.ru/employer/10405775
9410116,Имплантлаб,https://hh.ru/employer/9410116
4693660,Импрув-АйТи,https://hh.ru/employer/4693660
1357565,Индатэк,https://hh.ru/employer/1357565
10070148,Инет Ком,https://hh.ru/employer/10070148
23821,Инетком,https://hh.ru/employer/23821
4160429,ИнноДрайв,https://hh.ru/employer/4160429
4841198,Инновационные системы,https://hh.ru/employer/4841198
626128,Иннотек Интернасиональ,https://hh.ru/employer/626128
9333251,Ино Тренд Групп,https://hh.ru/employer/9333251
2587781,Интабия,https://hh.ru/employer/2587781
1144203,Интеград,https://hh.ru/employer/1144203
2479901,Интеджер,https://hh.ru/employer/2479901
3137030,Интелион Дата,https://hh.ru/employer/3137030
1505393,Интеллектуальные социальные системы,https://hh.ru/employer/1505393
32969,Интервейл,https://hh.ru/employer/32969
1589180,Интернет Проекты,https://hh.ru/employer/1589180
2930884,Интернет вещей,https://hh.ru/employer/2930884
10156,Интерфакс,https://hh.ru/employer/10156
3778,ИнфоТеКС,https://hh.ru/employer/3778
1079129,Инфоматикс,https://hh.ru/employer/1079129
5672,Инфотекс Интернет Траст,https://hh.ru/employer/5672
66965,Искра Технологии,https://hh.ru/employer/66965
5608853,Итм,https://hh.ru/employer/5608853
52951,КАМАЗ,https://hh.ru/employer/52951
953,КБ Уральский банк реконструкции и развития (УБРиР),https://hh.ru/employer/953
11209683,КДП,https://hh.ru/employer/11209683
9550698,КИНАРИ СПА,https://hh.ru/employer/9550698
2651752,ККМ Трейд,https://hh.ru/employer/2651752
3840611,КЛ Инвест Групп,https://hh.ru/employer/3840611
1069854,КЛИНПАРК,https://hh.ru/employer/1069854
902,КЛИФФ,https://hh.ru/employer/902
47367,КОМПАКТ,https://hh.ru/employer/47367
114553,КОНАР,https://hh.ru/employer/114553
79382,КОНВЕЛС Автоматизация,https://hh.ru/employer/79382
3657183,КОРСАР,https://hh.ru/employer/3657183
1947,КРЕДИТ ЕВРОПА БАНК,https://hh.ru/employer/1947
90860,"КРИСТА, НПО",https://hh.ru/employer/90860
1888840,КРОН,https://hh.ru/employer/1888840
1868672,КРЫМСКАЯ СЫРНАЯ КОМПАНИЯ,https://hh.ru/employer/1868672
2717573,КСБ,https://hh.ru/employer/2717573
4875967,КСК ЭКСПЕРТ,https://hh.ru/employer/4875967
54749,КЭМП-Домодедово,https://hh.ru/employer/54749
2261684,Кадровые Решения,https://hh.ru/employer/2261684
1069209,Кадровый центр Президент,https://hh.ru/employer/1069209
981,Калашников,https://hh.ru/employer/981
3793,Канонфарма продакшн,https://hh.ru/employer/3793
3936097,Каргономика,https://hh.ru/employer/3936097
1531943,Катапульта,https://hh.ru/employer/1531943
12409194,Кей Софт,https://hh.ru/employer/12409194
1150044,КемИнС,https://hh.ru/employer/1150044
9676088,Килязов Дмитрий Сергеевич,https://hh.ru/employer/9676088
11473929,Киселёв Виктор Васильевич,https://hh.ru/employer/11473929
242488,Клас,https://hh.ru/employer/242488
1113074,Клиентикс,https://hh.ru/employer/1113074
12240,Клиника Будь Здоров,https://hh.ru/employer/12240
2058777,Клиника немецкой стоматологии Гутен Таг,https://hh.ru/employer/2058777
3403877,Ключевые Системы и Компоненты,https://hh.ru/employer/3403877
4137632,Колл Солюшенс,https://hh.ru/employer/4137632
5515436,Колтайм,https://hh.ru/employer/5515436
767968,КомСистемс,https://hh.ru/employer/767968
3922471,КомСтрой,https://hh.ru/employer/3922471
78626,Коммуникационное агентство PR Partner,https://hh.ru/employer/78626
749790,Компания «Альфа-Софт»,https://hh.ru/employer/749790
1833,Компания БКС,https://hh.ru/employer/1833
1153683,Компания ВИЗАРД,https://hh.ru/employer/1153683
3067990,Компания Киль-Казань,https://hh.ru/employer/3067990
21107,Компания Л1,https://hh.ru/employer/21107
700805,Компания Органика,https://hh.ru/employer/700805
1678287,Компания Север,https://hh.ru/employer/1678287
52510,Компания Стек,https://hh.ru/employer/52510
939019,Компания ТЕХНОТЕКС,https://hh.ru/employer/939019
883571,"Компания, СТЕК",https://hh.ru/employer/883571
3978409,Компит Про,https://hh.ru/employer/3978409
5694,Комус,https://hh.ru/employer/5694
4907262,Комфортный дом,https://hh.ru/employer/4907262
5170220,Консоль.Про,https://hh.ru/employer/5170220
11522475,Константинова Ульяна Юрьевна,https://hh.ru/employer/11522475
10003910,Конструктор,https://hh.ru/employer/10003910
5600637,Конструкторское Бюро Горного Машиностроения,https://hh.ru/employer/5600637
10938906,КонтакПро,https://hh.ru/employer/10938906
4280547,Контакт,https://hh.ru/employer/4280547
109969,Контакт-центр CallTraffic,https://hh.ru/employer/109969
5947592,Контакт-центр1010 (ООО Ра Урал),https://hh.ru/employer/5947592
41862,Контур,https://hh.ru/employer/41862
1645903,Концерн ВКО Алмаз - Антей,https://hh.ru/employer/1645903
935196,Концерн Созвездие,https://hh.ru/employer/935196
6082514,Копидефенд,https://hh.ru/employer/6082514
829009,"Копирка, Сеть копировальных центров",https://hh.ru/employer/829009
1028179,Корпорация «Проект-техника»,https://hh.ru/employer/1028179
644,Корпорация Галактика,https://hh.ru/employer/644
541145,КорсГрупп,https://hh.ru/employer/541145
3981967,Корстоун,https://hh.ru/employer/3981967
142178,Коттон Вэй,https://hh.ru/employer/142178
1035394,"Красное & Белое, розничная сеть",https://hh.ru/employer/1035394
3785850,Красноярский музыкальный театр,https://hh.ru/employer/3785850
3313453,Красный якорь,https://hh.ru/employer/3313453
2850128,Крем Шоп,https://hh.ru/employer/2850128
11938957,Крикунова Анастасия Евгеньевна,https://hh.ru/employer/11938957
3491569,Криптонит,https://hh.ru/employer/3491569
32737,"Крошка-Картошка, Сеть кафе быстрого питания",https://hh.ru/employer/32737
3197321,Кузница Кадров,https://hh.ru/employer/3197321
12121390,Кука Тех,https://hh.ru/employer/12121390
1143406,Курсктелеком,https://hh.ru/employer/1143406
12446681,Куц Егор Андреевич,https://hh.ru/employer/12446681
3874061,Кэрот Бродкаст,https://hh.ru/employer/3874061
11367747,Л.А.М.,https://hh.ru/employer/11367747
733,ЛАНИТ,https://hh.ru/employer/733
5599,Лаборатория Гемотест,https://hh.ru/employer/5599
4056832,Лаверна,https://hh.ru/employer/4056832
11251356,Лев,https://hh.ru/employer/11251356
12319319,Левин Виталий Геннадьевич,https://hh.ru/employer/12319319
3786365,Лекарь,https://hh.ru/employer/3786365
8582,Лемана ПРО,https://hh.ru/employer/8582
9887104,Лемниската,https://hh.ru/employer/9887104
7172,"Лента, федеральная розничная сеть",https://hh.ru/employer/7172
856498,Леста Игры,https://hh.ru/employer/856498
2733062,Лига Цифровой Экономики,https://hh.ru/employer/2733062
2340196,Лигалкрафт,https://hh.ru/employer/2340196
12031862,Лид-Быт,https://hh.ru/employer/12031862
1708618,Лидер Кровля,https://hh.ru/employer/1708618
11159347,Лидер-Мед СМП,https://hh.ru/employer/11159347
1451239,Линкор,https://hh.ru/employer/1451239
9712563,Логистика,https://hh.ru/employer/9712563
4895090,Логистика Плюс,https://hh.ru/employer/4895090
5860936,Лоция,https://hh.ru/employer/5860936
12070215,Лузан Холдинг,https://hh.ru/employer/12070215
2523,М.Видео-Эльдорадо,https://hh.ru/employer/2523
1747647,М125,https://hh.ru/employer/1747647
49357,"МАГНИТ, Розничная сеть",https://hh.ru/employer/49357
5100430,МАЙ ХОРИКА,https://hh.ru/employer/5100430
15957,МАСКОМ,https://hh.ru/employer/15957
606135,МГКЛ,https://hh.ru/employer/606135
1452291,МД ВИЖН,https://hh.ru/employer/1452291
38367,МИЛЛАБ,https://hh.ru/employer/38367
11122385,МК Генетика-Урал,https://hh.ru/employer/11122385
11587041,МКК ФИНАФОР,https://hh.ru/employer/11587041
3038756,МКУ г. Тобольска УАХО,https://hh.ru/employer/3038756
9133998,МОСС РАЗВИТИЕ,https://hh.ru/employer/9133998
47479,"МОТИВ, телекоммуникационная группа",https://hh.ru/employer/47479
662180,МПОТК ТЕХНОКОМПЛЕКТ,https://hh.ru/employer/662180
9541435,МПФИТ,https://hh.ru/employer/9541435
596201,МС Автомотив,https://hh.ru/employer/596201
12029836,МСЛ,https://hh.ru/employer/12029836
3776,МТС,https://hh.ru/employer/3776
4496,МТС Финтех,https://hh.ru/employer/4496
9139,МЦ-Сервис Инжиниринг,https://hh.ru/employer/9139
11447216,Мавропуло Екатерина Константиновна,https://hh.ru/employer/11447216
9658291,Магер Анастасия Степановна,https://hh.ru/employer/9658291
4317208,Магистральные Сети Связи,https://hh.ru/employer/4317208
187422,"Магнолия, Сеть магазинов",https://hh.ru/employer/187422
24085,Макомнет,https://hh.ru/employer/24085
56171,"Макси, торговая компания",https://hh.ru/employer/56171
6116362,Мамаева Ирина Анатольевна,https://hh.ru/employer/6116362
763590,Манул,https://hh.ru/employer/763590
5954867,Мароп,https://hh.ru/employer/5954867
9573024,Марс,https://hh.ru/employer/9573024
11348,Машимпэкс,https://hh.ru/employer/11348
2276805,МебельКом,https://hh.ru/employer/2276805
4802,Мебельная компания «Шатура»,https://hh.ru/employer/4802
10927749,МегаДрель,https://hh.ru/employer/10927749
1468096,Медиа Технолоджи,https://hh.ru/employer/1468096
12197313,Медиа Эффект,https://hh.ru/employer/12197313
10622313,Медиа-Парк,https://hh.ru/employer/10622313
4482374,Медиапоинт,https://hh.ru/employer/4482374
774266,Медицинская компания Наука,https://hh.ru/employer/774266
3367703,Медицинские Услуги,https://hh.ru/employer/3367703
3247525,Международная сеть ЯФотограф,https://hh.ru/employer/3247525
10250500,Международное агентство недвижимости,https://hh.ru/employer/10250500
1922435,Международный институт психосоматического здоровья,https://hh.ru/employer/1922435
3000195,Ментал-Плюс,https://hh.ru/employer/3000195
414,Металлокомплект-М,https://hh.ru/employer/414
2254609,Металлопрокатный завод,https://hh.ru/employer/2254609
2417819,Микрокредитная Компания Байбол,https://hh.ru/employer/2417819
4774049,Микстелл,https://hh.ru/employer/4774049
827832,Мираж Синема,https://hh.ru/employer/827832
1626832,Миран,https://hh.ru/employer/1626832
17275,"Мираторг, Агропромышленный холдинг",https://hh.ru/employer/17275
12495711,Миронова Ульяна Владимировна,https://hh.ru/employer/12495711
104085,Многопрофильная клиника Скандинавия. Клиника репродукции Скандинавия АВА-ПЕТЕР,https://hh.ru/employer/104085
9457180,МобайлЦентр,https://hh.ru/employer/9457180
1941558,Мобильные линии,https://hh.ru/employer/1941558
12479444,Моджо Образовательные Технологии,https://hh.ru/employer/12479444
11333510,Мойзнак,https://hh.ru/employer/11333510
32501,"Монетка, Торговая сеть",https://hh.ru/employer/32501
1213205,Морские неакустические комплексы и системы,https://hh.ru/employer/1213205
10516246,Мос-Медикал-Сервис,https://hh.ru/employer/10516246
11793345,МосКассСервис,https://hh.ru/employer/11793345
2992514,Москва Карго,https://hh.ru/employer/2992514
72404,Московский ювелирный завод,https://hh.ru/employer/72404
106564,Московское речное пароходство,https://hh.ru/employer/106564
10854939,Моспрофи,https://hh.ru/employer/10854939
149028,Мосэлектрощит,https://hh.ru/employer/149028
3654805,Мотовилиха - гражданское машиностроение,https://hh.ru/employer/3654805
1602665,Мототрейд,https://hh.ru/employer/1602665
10547248,Мурыгин Антон Александрович,https://hh.ru/employer/10547248
3845267,Мцк Карго,https://hh.ru/employer/3845267
55440,Мэлон Фэшн Груп,https://hh.ru/employer/55440
3565312,Мэрия города Казани,https://hh.ru/employer/3565312
10812208,Мэтифан,https://hh.ru/employer/10812208
695988,Н.Селла,https://hh.ru/employer/695988
54732,НАГ,https://hh.ru/employer/54732
4039388,НАХОДКА,https://hh.ru/employer/4039388
4840811,НВ Телеком,https://hh.ru/employer/4840811
10710028,НЗЦМ,https://hh.ru/employer/10710028
971105,НИКО-БАНК,https://hh.ru/employer/971105
2659105,НОВАПОРТ – Общий центр обслуживания,https://hh.ru/employer/2659105
1735,НПК КАТАРСИС,https://hh.ru/employer/1735
11320205,НПК Симба,https://hh.ru/employer/11320205
48051,НПК Финист-софт,https://hh.ru/employer/48051
4000406,НПО ГеоГИС,https://hh.ru/employer/4000406
5603612,НПО МИЭЛТА ТЕХНОЛОГИИ,https://hh.ru/employer/5603612
3348610,НПО Стрела,https://hh.ru/employer/3348610
3900502,НПО ЮРЦПО,https://hh.ru/employer/3900502
3248335,НПП ЗЕВС,https://hh.ru/employer/3248335
1773342,НПП Спецкабель,https://hh.ru/employer/1773342
2665531,НПФ ВТБ Пенсионный Фонд,https://hh.ru/employer/2665531
1418923,НТЦ Радуга,https://hh.ru/employer/1418923
68703,НЭПТ,https://hh.ru/employer/68703
5141179,Наладчик,https://hh.ru/employer/5141179
15,Наука-Связь,https://hh.ru/employer/15
615997,Научно-Исследовательский и Проектный Институт Карбамида,https://hh.ru/employer/615997
116005,Научно-внедренческое предприятие Астрафарм,https://hh.ru/employer/116005
3201138,Национальная служба банкротства,https://hh.ru/employer/3201138
6162985,Национальные Стратегические Активы,https://hh.ru/employer/6162985
4249564,Невасофт,https://hh.ru/employer/4249564
11661728,Невасофт,https://hh.ru/employer/11661728
2456392,Негабаритика,https://hh.ru/employer/2456392
12340901,Независимый центр списания долгов,https://hh.ru/employer/12340901
10679934,Нетрика Медицина,https://hh.ru/employer/10679934
132654,НефтеТрансСервис,https://hh.ru/employer/132654
9421237,Нова Энерджис,https://hh.ru/employer/9421237
1512045,Новая Школа Королев,https://hh.ru/employer/1512045
12214358,Новокод Группа,https://hh.ru/employer/12214358
919527,Норгау Руссланд,https://hh.ru/employer/919527
3456500,Норд Палп,https://hh.ru/employer/3456500
1084901,Нормасофт,https://hh.ru/employer/1084901
9902691,НьюБизнесЛайн,https://hh.ru/employer/9902691
53676,ОБИТ,https://hh.ru/employer/53676
5722468,ОКУ Управление по Материально-Техническому Обеспечению Деятельности Мировых Судей Липецкой Области,https://hh.ru/employer/5722468
188621,ОМЕГА,https://hh.ru/employer/188621
169889,ОНЛАЙН,https://hh.ru/employer/169889
3789323,Обермейстер,https://hh.ru/employer/3789323
2990830,Облачный ритейл,https://hh.ru/employer/2990830
12457314,Обратные коммуникации,https://hh.ru/employer/12457314
4513769,Объединение Тех-КРЕП,https://hh.ru/employer/4513769
522,Объединенная металлургическая компания,https://hh.ru/employer/522
1575433,Объединенная судостроительная корпорация,https://hh.ru/employer/1575433
1261024,Объединенные КриптоСистемы,https://hh.ru/employer/1261024
44877,Объединенные кондитеры,https://hh.ru/employer/44877
9678724,Один Групп,https://hh.ru/employer/9678724
5146035,Озбэттериз,https://hh.ru/employer/5146035
5692713,Ок Софт,https://hh.ru/employer/5692713
559461,Окна Потолки Петербурга,https://hh.ru/employer/559461
48118,Олеос,https://hh.ru/employer/48118
602711,Омега Технологии будущего,https://hh.ru/employer/602711
3731347,Онлайн-школа Тетрика,https://hh.ru/employer/3731347
965294,Оператор связи Комфортел,https://hh.ru/employer/965294
4672638,Орхидея,https://hh.ru/employer/4672638
676167,Очаковская Логистическая Компания,https://hh.ru/employer/676167
2697842,ПИОНЕР-АВТО,https://hh.ru/employer/2697842
2827627,ПК Теплосила,https://hh.ru/employer/2827627
4706873,ПКФ Инавтоматика,https://hh.ru/employer/4706873
2596438,ПКФ МЕТИНВЕСТ-СЕРВИС,https://hh.ru/employer/2596438
3238482,ПОТОК,https://hh.ru/employer/3238482
2875628,ПРАГМА ДЕВЕЛОПМЕНТ,https://hh.ru/employer/2875628
9621677,ПРОВИТЕХ,https://hh.ru/employer/9621677
232186,ПРОГРЕСС,https://hh.ru/employer/232186
11523424,Панацея,https://hh.ru/employer/11523424
3859151,Пансионат Южный,https://hh.ru/employer/3859151
9509462,Параллели,https://hh.ru/employer/9509462
10867304,Пастухов Владимир Юрьевич,https://hh.ru/employer/10867304
10607049,Первая Неотложная Помощь,https://hh.ru/employer/10607049
4099206,Первая Форма,https://hh.ru/employer/4099206
3177,Первый Бит,https://hh.ru/employer/3177
1942336,Перекрёсток,https://hh.ru/employer/1942336
200671,Пермский телефонный завод Телта,https://hh.ru/employer/200671
9842917,Перспектива Юг,https://hh.ru/employer/9842917
5752899,Печати и штампы к метро,https://hh.ru/employer/5752899
9033504,Писарев Сергей Андреевич,https://hh.ru/employer/9033504
11736147,Платформа Проще,https://hh.ru/employer/11736147
5856630,Плитстор,https://hh.ru/employer/5856630
12356651,Покатилов Елисей Николаевич,https://hh.ru/employer/12356651
9852317,ПолимерКраска,https://hh.ru/employer/9852317
174,Полиметалл,https://hh.ru/employer/174
591144,Поставщик коммерческой информации,https://hh.ru/employer/591144
4352,Почта России,https://hh.ru/employer/4352
5627754,Почтовые финансы,https://hh.ru/employer/5627754
4808796,Правильные ИТ Решения,https://hh.ru/employer/4808796
10815885,Правильный выбор,https://hh.ru/employer/10815885
19815,Правовест,https://hh.ru/employer/19815
978065,Прайм Топ,https://hh.ru/employer/978065
5735829,Премьер,https://hh.ru/employer/5735829
1801112,ПроФреш,https://hh.ru/employer/1801112
3700419,Программный Инжиниринг и Технологии,https://hh.ru/employer/3700419
716137,Проект,https://hh.ru/employer/716137
2871006,Проектное Управление Строительными Контрактами,https://hh.ru/employer/2871006
8891211,ПромПривод,https://hh.ru/employer/8891211
4115428,Промвентхолод,https://hh.ru/employer/4115428
1925,Проммаш,https://hh.ru/employer/1925
3196410,Промпринт,https://hh.ru/employer/3196410
3150060,Промэнерго Автоматика,https://hh.ru/employer/3150060
22863,"Протей, НТЦ",https://hh.ru/employer/22863
722340,Проф Лингва,https://hh.ru/employer/722340
11851280,Проф-Консалт,https://hh.ru/employer/11851280
1609648,Профитек,https://hh.ru/employer/1609648
823916,Птицефабрика Рефтинская,https://hh.ru/employer/823916
5753085,Пункт Е,https://hh.ru/employer/5753085
2553218,РА ПОКАЗ,https://hh.ru/employer/2553218
2638920,РАКЕТА ПРОДЖЕКТ,https://hh.ru/employer/2638920
2242,"РЕСО-Гарантия, САО",https://hh.ru/employer/2242
1792,РЕХАУ,https://hh.ru/employer/1792
2941438,РЖД-ТехСервис,https://hh.ru/employer/2941438
11365834,РИФ,https://hh.ru/employer/11365834
1254209,РК,https://hh.ru/employer/1254209
9500850,РМО,https://hh.ru/employer/9500850
1713617,РНГ,https://hh.ru/employer/1713617
2657348,РТ-Техприемка,https://hh.ru/employer/2657348
852361,РТК-ЦОД,https://hh.ru/employer/852361
2830944,РУНЕТ БИЗНЕС СИСТЕМЫ,https://hh.ru/employer/2830944
214273,РЦ Автодилер,https://hh.ru/employer/214273
849819,Радиофид,https://hh.ru/employer/849819
645516,Раймед Трейдинг Групп,https://hh.ru/employer/645516
40678,Ракетно-космическая корпорация Энергия,https://hh.ru/employer/40678
738496,"Расходные Материалы, Компания",https://hh.ru/employer/738496
587889,Рациовет,https://hh.ru/employer/587889
12433775,Рвк,https://hh.ru/employer/12433775
1903542,Рг-Управление Сервисами,https://hh.ru/employer/1903542
5923,Ренессанс Банк,https://hh.ru/employer/5923
3520300,Республиканская Клиника,https://hh.ru/employer/3520300
1627254,Ресторан Сервис Инфо,https://hh.ru/employer/1627254
45333,Ригла,https://hh.ru/employer/45333
6015,Ридан Трейд,https://hh.ru/employer/6015
1696498,Ристретто,https://hh.ru/employer/1696498
2718207,Ритейл Сервис 24,https://hh.ru/employer/2718207
2537115,Розничная сеть МТС,https://hh.ru/employer/2537115
4502173,Роллинг Роллс,https://hh.ru/employer/4502173
12276004,Романов Андрей Владимирович,https://hh.ru/employer/12276004
58320,Россельхозбанк,https://hh.ru/employer/58320
140666,Россети Сибирь,https://hh.ru/employer/140666
816969,Россети Цифра,https://hh.ru/employer/816969
2272772,Рост Недвижимость,https://hh.ru/employer/2272772
2748,Ростелеком,https://hh.ru/employer/2748
8923621,Росхим,https://hh.ru/employer/8923621
110366,Русджам Стеклотара Холдинг,https://hh.ru/employer/110366
11232164,Русинтелком,https://hh.ru/employer/11232164
616769,Русмедиа,https://hh.ru/employer/616769
1066304,Русская Чайная Компания,https://hh.ru/employer/1066304
238419,"Русские базовые информационные технологии, Научно-производственное объединение",https://hh.ru/employer/238419
569205,Русские самоцветы,https://hh.ru/employer/569205
2284205,Русский Букет,https://hh.ru/employer/2284205
42644,Русхимсеть,https://hh.ru/employer/42644
9355359,Руфил Консалтинг,https://hh.ru/employer/9355359
1154987,САНАКС,https://hh.ru/employer/1154987
3529,СБЕР,https://hh.ru/employer/3529
3530,СДЭК,https://hh.ru/employer/3530
3772370,СДЭК-Трекинг,https://hh.ru/employer/3772370
5414112,СКС,https://hh.ru/employer/5414112
6008598,СМАРТ,https://hh.ru/employer/6008598
784189,СМТ-ИСС,https://hh.ru/employer/784189
624675,СОШ Академическая Гимназия,https://hh.ru/employer/624675
5840966,СПб ГКУ ССПК,https://hh.ru/employer/5840966
3364585,ССПБ,https://hh.ru/employer/3364585
5485279,СТАРДАСТ,https://hh.ru/employer/5485279
3726777,СТИК КОМПАНИ,https://hh.ru/employer/3726777
5815113,СТРОЙПРОЕКТ,https://hh.ru/employer/5815113
551381,"СУДАРЬ, Магазин",https://hh.ru/employer/551381
5331842,Самокат (ООО ИЗИ Лоджистик — партнер сервиса),https://hh.ru/employer/5331842
10477195,Самолет Плюс,https://hh.ru/employer/10477195
1667824,Самолет Плюс (ООО АН Удачный выбор),https://hh.ru/employer/1667824
777094,Самолет Плюс (ООО Хоум Риэл Эстейт),https://hh.ru/employer/777094
2994811,Самолет Плюс (Самолет Плюс Омск-Центр),https://hh.ru/employer/2994811
3013818,Санаториум,https://hh.ru/employer/3013818
1068834,Санекст.Про,https://hh.ru/employer/1068834
1407440,Сантехника Мауро,https://hh.ru/employer/1407440
683931,Сантехника-Онлайн,https://hh.ru/employer/683931
10601521,Сапортнск,https://hh.ru/employer/10601521
68554,СберСити,https://hh.ru/employer/68554
1473866,Сбербанк-Сервис,https://hh.ru/employer/1473866
2067747,Своя Клиника,https://hh.ru/employer/2067747
74968,Северен Телеком,https://hh.ru/employer/74968
1295,Седрус,https://hh.ru/employer/1295
142683,Семейный доктор,https://hh.ru/employer/142683
9472816,Семенченко Виктор Игоревич,https://hh.ru/employer/9472816
4468028,Семин Денис Анатольевич,https://hh.ru/employer/4468028
2368944,Семья,https://hh.ru/employer/2368944
4505695,Сенченко Михаил Андреевич,https://hh.ru/employer/4505695
625369,СервисКлауд,https://hh.ru/employer/625369
5531625,Сервистранс,https://hh.ru/employer/5531625
12163547,Сергеев Алексей Вячеславович,https://hh.ru/employer/12163547
1538589,Серенити,https://hh.ru/employer/1538589
10926461,Сеть винотек «Культура Крепкого»,https://hh.ru/employer/10926461
1025275,Сеть магазинов цифровой и бытовой техники DNS,https://hh.ru/employer/1025275
1209826,Сеть салонов Мир оптики,https://hh.ru/employer/1209826
2571992,СибГМУ,https://hh.ru/employer/2571992
2971863,Сибирский медведь,https://hh.ru/employer/2971863
12409154,Сигнал,https://hh.ru/employer/12409154
11110912,Сигнатур Фудс,https://hh.ru/employer/11110912
5784895,Сизинцев Роман Александрович,https://hh.ru/employer/5784895
4558032,Сила Здоровья,https://hh.ru/employer/4558032
3457520,Сименс Здравоохранение,https://hh.ru/employer/3457520
930516,СинЭра,https://hh.ru/employer/930516
1122338,Синергетик,https://hh.ru/employer/1122338
3774764,Синтегро Бизнес,https://hh.ru/employer/3774764
1537848,Системные Интеграции,https://hh.ru/employer/1537848
2198,Системный оператор Единой энергетической системы,https://hh.ru/employer/2198
167333,Системы документооборота,https://hh.ru/employer/167333
5216266,Системы и Технологии в Логистике,https://hh.ru/employer/5216266
11481,Системэйр,https://hh.ru/employer/11481
605002,Ситек,https://hh.ru/employer/605002
3170077,Скай Инжиниринг,https://hh.ru/employer/3170077
2021312,Скандинавский центр здоровья,https://hh.ru/employer/2021312
11141063,Скворцов Павел Александрович,https://hh.ru/employer/11141063
713824,Сладофф,https://hh.ru/employer/713824
1338103,Служба Недвижимости Траст,https://hh.ru/employer/1338103
11545708,Смарт Кард,https://hh.ru/employer/11545708
5548990,Смарт Техно,https://hh.ru/employer/5548990
3292820,Сметтер,https://hh.ru/employer/3292820
3592,Снежная Королева,https://hh.ru/employer/3592
1756060,СоветникПРОФ,https://hh.ru/employer/1756060
7944,Совкомбанк,https://hh.ru/employer/7944
468,"Согласие, страховая компания",https://hh.ru/employer/468
3330057,Содействие,https://hh.ru/employer/3330057
58500,"Содружество, Группа компаний",https://hh.ru/employer/58500
765121,Сокол Моторс,https://hh.ru/employer/765121
1793216,Солар,https://hh.ru/employer/1793216
10078615,СофтСноу,https://hh.ru/employer/10078615
200522,"СофтЭксперт, г. Тула",https://hh.ru/employer/200522
5249683,Союз,https://hh.ru/employer/5249683
21022,Спарго Технологии,https://hh.ru/employer/21022
3095708,СпецПромАрматура,https://hh.ru/employer/3095708
11470015,Специализированный застройщик Триера,https://hh.ru/employer/11470015
3234820,Специальная интеграция,https://hh.ru/employer/3234820
1320192,Спецкрепеж,https://hh.ru/employer/1320192
44437,Сплайн,https://hh.ru/employer/44437
2343,Спортмастер,https://hh.ru/employer/2343
11404585,Спринг,https://hh.ru/employer/11404585
63,Стальпрокат,https://hh.ru/employer/63
10322008,Старт,https://hh.ru/employer/10322008
2572298,СтендАп Инновации,https://hh.ru/employer/2572298
18506,Стокманн,https://hh.ru/employer/18506
1185101,Стор77,https://hh.ru/employer/1185101
8977702,Страховой Дом ДБК,https://hh.ru/employer/8977702
1111042,Суши Wok,https://hh.ru/employer/1111042
1578465,Суши-Маркет,https://hh.ru/employer/1578465
204861,Сыробогатов,https://hh.ru/employer/204861
2864629,Сэтл Строй,https://hh.ru/employer/2864629
78638,Т-Банк,https://hh.ru/employer/78638
4649269,Т1,https://hh.ru/employer/4649269
3312843,ТАНДЕМ,https://hh.ru/employer/3312843
23140,ТАРКЕТТ РУС,https://hh.ru/employer/23140
3767717,ТБ Сервис,https://hh.ru/employer/3767717
3084168,ТД Белита-Витэкс-С,https://hh.ru/employer/3084168
1969095,ТД Монолит,https://hh.ru/employer/1969095
5849905,ТДСК,https://hh.ru/employer/5849905
963325,ТЕСТПРИБОР,https://hh.ru/employer/963325
3280,ТЕХНОНИКОЛЬ,https://hh.ru/employer/3280
737244,ТК Мейджик Транс,https://hh.ru/employer/737244
1190061,ТК ЯРВЕТ,https://hh.ru/employer/1190061
1281576,ТЛЦ,https://hh.ru/employer/1281576
5079809,ТОФФЛОН РУС,https://hh.ru/employer/5079809
12372573,ТС ГРУП,https://hh.ru/employer/12372573
9512687,ТТК-Связь,https://hh.ru/employer/9512687
11549014,ТЦКД-Атомкомплект,https://hh.ru/employer/11549014
53532,ТЭК СПБ,https://hh.ru/employer/53532
149051,ТЭК электроникс,https://hh.ru/employer/149051
5739596,ТЭК-СИСТЕМС,https://hh.ru/employer/5739596
11504682,ТЭМП,https://hh.ru/employer/11504682
9575912,Тальке Раша,https://hh.ru/employer/9575912
193117,"Тандем, рекламная группа",https://hh.ru/employer/193117
3106807,Телеос-1,https://hh.ru/employer/3106807
67611,Тензор,https://hh.ru/employer/67611
1780725,ТеплотехникаСервис,https://hh.ru/employer/1780725
2520633,Терра-Ток,https://hh.ru/employer/2520633
45667,Территориальная Генерирующая компания-2,https://hh.ru/employer/45667
690459,Территория Фитнеса,https://hh.ru/employer/690459
10793062,Терсан,https://hh.ru/employer/10793062
5069020,ТехноГрупп,https://hh.ru/employer/5069020
11405855,Технология,https://hh.ru/employer/11405855
3936026,Техноспецкомплект,https://hh.ru/employer/3936026
1413074,Техностар,https://hh.ru/employer/1413074
5603511,Техноточка,https://hh.ru/employer/5603511
9372660,Титан,https://hh.ru/employer/9372660
5160967,Титан-Полимер,https://hh.ru/employer/5160967
11742309,Титул,https://hh.ru/employer/11742309
9523867,Топ Пилатес,https://hh.ru/employer/9523867
4807276,Торговая фирма Санкт-Петербургский Дом книги,https://hh.ru/employer/4807276
66212,Торговый дом Лазурит,https://hh.ru/employer/66212
4839578,Торговый комплекс Гостиный двор,https://hh.ru/employer/4839578
936736,Трайтэк,https://hh.ru/employer/936736
10128283,Трансновалоджик,https://hh.ru/employer/10128283
4796287,Транспортная Компания ТрансПром Логистика,https://hh.ru/employer/4796287
563,"Трансстройбанк, АКБ",https://hh.ru/employer/563
3505109,Траст Технолоджиз,https://hh.ru/employer/3505109
9105870,Трафик - агентство СОДА,https://hh.ru/employer/9105870
1163447,Трехгорная мануфактура,https://hh.ru/employer/1163447
3844069,Три Точки,https://hh.ru/employer/3844069
5192333,Тривио,https://hh.ru/employer/5192333
89117,Триколор,https://hh.ru/employer/89117
3380881,УК «МНПО «СПЕКТР»,https://hh.ru/employer/3380881
64779,Универплюс,https://hh.ru/employer/64779
2033384,Универсальная Компьютерная Служба,https://hh.ru/employer/2033384
826487,"УралФинанс, ФК",https://hh.ru/employer/826487
4001556,Уралсвязьсервис,https://hh.ru/employer/4001556
10496668,Уральская Агропромышленная Группа,https://hh.ru/employer/10496668
3517783,Уральская Сталь,https://hh.ru/employer/3517783
1467855,ФГАНУ Центр информационных технологий и систем органов исполнительной власти,https://hh.ru/employer/1467855
2169430,ФГАОУ ВО Первый МГМУ им. И.М.Сеченова Минздрава России (Сеченовский Университет),https://hh.ru/employer/2169430
3113687,ФГАУ Оздоровительный Комплекс ДЕСНА,https://hh.ru/employer/3113687
692314,ФГБУ ФНКЦ специализированных видов медицинской помощи и медицинских технологий ФМБА России,https://hh.ru/employer/692314
1624041,ФД ЛОГИСТИК,https://hh.ru/employer/1624041
2682,ФИНАМ,https://hh.ru/employer/2682
5856778,ФИТВЕНД,https://hh.ru/employer/5856778
621848,ФИТНЕС-ЦЕНТР 100%,https://hh.ru/employer/621848
677628,ФН Машины,https://hh.ru/employer/677628
8647786,ФРЕШГО,https://hh.ru/employer/8647786
4746378,Фаворит Групп,https://hh.ru/employer/4746378
708,"Фаворит, Международный кадровый центр",https://hh.ru/employer/708
217995,ФармЛайн,https://hh.ru/employer/217995
157215,Федеральная сеть книжных магазинов Читай-город,https://hh.ru/employer/157215
2977632,Филиал ППК Роскадастр по Томской области,https://hh.ru/employer/2977632
1864933,Филиал ФКУ Налог-Сервис ФНС России по ЦОД в г.Москве,https://hh.ru/employer/1864933
11704871,ФинСтратег,https://hh.ru/employer/11704871
724716,Финансовый университет при Правительстве РФ,https://hh.ru/employer/724716
12380167,Фининвест,https://hh.ru/employer/12380167
3116765,Финлекс,https://hh.ru/employer/3116765
5898393,Финтех,https://hh.ru/employer/5898393
5434518,Фит Подольск,https://hh.ru/employer/5434518
564137,Фитокосметик,https://hh.ru/employer/564137
108082,ФомЛайн,https://hh.ru/employer/108082
10570877,Фонд Росконгресс подразделение в г. Санкт-Петербурге,https://hh.ru/employer/10570877
2961415,Формула,https://hh.ru/employer/2961415
88000,Фрегат,https://hh.ru/employer/88000
1230134,ФрешПринт,https://hh.ru/employer/1230134
3112616,Фрутнам,https://hh.ru/employer/3112616
12343612,Фурия,https://hh.ru/employer/12343612
10337522,Фьюче Текнолоджи Солюшинс,https://hh.ru/employer/10337522
4414037,Хай Вэй Групп,https://hh.ru/employer/4414037
552361,Харменс Молоково,https://hh.ru/employer/552361
1761549,Хеммерсбах РУС,https://hh.ru/employer/1761549
1151579,Холдинг «Аэропорты Регионов»,https://hh.ru/employer/1151579
3472571,Хоум Хит,https://hh.ru/employer/3472571
9544882,Хэли Евразия,https://hh.ru/employer/9544882
11278877,Ц6,https://hh.ru/employer/11278877
1717402,ЦВМиР Сибирь,https://hh.ru/employer/1717402
2222,ЦЕМРОС,https://hh.ru/employer/2222
9575906,ЦОТ,https://hh.ru/employer/9575906
10417155,ЦРС,https://hh.ru/employer/10417155
5707391,Царева Яна Дмитриевна,https://hh.ru/employer/5707391
3421775,Центавр,https://hh.ru/employer/3421775
4162547,Центр Здоровья Животных,https://hh.ru/employer/4162547
9613936,Центр Информационных технологий Роскадастр-Инфотех Филиал Роскадастр,https://hh.ru/employer/9613936
94402,Центр Метиз,https://hh.ru/employer/94402
11557704,Центр Станочных Технологий,https://hh.ru/employer/11557704
1616488,Центр Строительного Консалтинга,https://hh.ru/employer/1616488
11157830,Центр имплантации и ортодонтии номер №1 «Призматика»,https://hh.ru/employer/11157830
3051092,Центральная Поликлиника На Ленинградке,https://hh.ru/employer/3051092
12224152,Цифровые легенды,https://hh.ru/employer/12224152
147704,Цифровые технологии,https://hh.ru/employer/147704
11128151,ЧОУ ДПО Краснодарский Учебно-Курсовой Центр,https://hh.ru/employer/11128151
2818547,ЧПОУ Авиашкола Аэрофлота,https://hh.ru/employer/2818547
3359589,ЧПОУ СРШ (коллеж) Анны Муратовой,https://hh.ru/employer/3359589
1346,"Черкизово, Группа предприятий",https://hh.ru/employer/1346
10963364,Черняховский Дмитрий Владимирович,https://hh.ru/employer/10963364
3156389,Честный знак.рф,https://hh.ru/employer/3156389
42361,Чистая вода,https://hh.ru/employer/42361
12470232,Чутур Альбина Сергеевна,https://hh.ru/employer/12470232
5092676,ШИБЕРГ,https://hh.ru/employer/5092676
5046346,Шаимова Алина Олеговна,https://hh.ru/employer/5046346
5480199,Шанте Бьюти,https://hh.ru/employer/5480199
11043466,Шелленберг Елизавета Владимировна,https://hh.ru/employer/11043466
4174398,ЭВМ Сервис,https://hh.ru/employer/4174398
2924773,ЭДЕЛЬВЕЙС,https://hh.ru/employer/2924773
184599,ЭКО РЕСУРС,https://hh.ru/employer/184599
17688,ЭЛЕКТРОННЫЕ ОФИСНЫЕ СИСТЕМЫ,https://hh.ru/employer/17688
2797189,ЭННЕРЛИНК,https://hh.ru/employer/2797189
53797,ЭФКО,https://hh.ru/employer/53797
33397,ЭвоКом,https://hh.ru/employer/33397
734979,Эвол груп,https://hh.ru/employer/734979
1898167,Эддреа,https://hh.ru/employer/1898167
9766282,Экипаж,https://hh.ru/employer/9766282
1063322,Экомобайл,https://hh.ru/employer/1063322
9297865,Экософт,https://hh.ru/employer/9297865
2349517,Экофермер,https://hh.ru/employer/2349517
2803082,Эксиз РУС,https://hh.ru/employer/2803082
2364800,Эксперт Центр,https://hh.ru/employer/2364800
1997724,ЭкспертСтройПроект,https://hh.ru/employer/1997724
1779085,Экспертная группа Veta,https://hh.ru/employer/1779085
2655589,Эл Пи Джи,https://hh.ru/employer/2655589
1532685,Элитный Сочи,https://hh.ru/employer/1532685
34970,Элком-Электро,https://hh.ru/employer/34970
3136952,Энамеру-Трейд,https://hh.ru/employer/3136952
3615039,Энтера,https://hh.ru/employer/3615039
10103116,Эра Технологий,https://hh.ru/employer/10103116
2977158,Эстель Сервис Поволжье,https://hh.ru/employer/2977158
1303772,ЭстэйтЛига,https://hh.ru/employer/1303772
5123074,Этажи Поволжье,https://hh.ru/employer/5123074
10133509,Этажи Федеральная компания,https://hh.ru/employer/10133509
1870317,"ЮРЛ, группа компаний",https://hh.ru/employer/1870317
9313048,Юнити Трейд Солюшн,https://hh.ru/employer/9313048
652744,"Юнити,ООО",https://hh.ru/employer/652744
667658,Языковой центр Евразия,https://hh.ru/employer/667658
1738,Яковлев,https://hh.ru/employer/1738
1740,Яндекс,https://hh.ru/employer/1740
9498120,Яндекс Команда для бизнеса,https://hh.ru/employer/9498120
4934,билайн,https://hh.ru/employer/4934
